split,mae,rmse,max_error,n_samples
train_rc,0.09095495333188633,0.14035262893267292,0.6163060000000087,4607
val_rc,0.0934159861111113,0.13992992742995386,0.5910130000000038,1152
test_rc,0.0914596895833333,0.14174928239119988,0.5781360000000006,1440
train_hybrid,0.026078817305713833,0.03448960713780078,0.34328275676816844,4607
val_hybrid,0.027778344269147923,0.03633196345778765,0.3182869573682545,1152
test_hybrid,0.02661264865810637,0.0341129238057322,0.20545965649187536,1440
