{
  "rc": {
    "1": {
      "mae": [
        0.057501985915493395
      ],
      "rmse": [
        0.09146881371581013
      ]
    },
    "10": {
      "mae": [
        0.057501985915493395,
        0.09957701071830963,
        0.15083174452799997,
        0.18976909299462003,
        0.2364915023737717,
        0.28765434891872416,
        0.3270680895428961,
        0.36480044748996426,
        0.40766286480547137,
        0.4420014400916782
      ],
      "rmse": [
        0.09146881371581013,
        0.1744100520738733,
        0.2682207948889692,
        0.3510400474936342,
        0.43044453639397784,
        0.5241636420413802,
        0.6075958622739723,
        0.6835050452271072,
        0.7586146147608878,
        0.8288895850181475
      ]
    },
    "30": {
      "mae": [
        0.057501985915493395,
        0.09957701071830963,
        0.15083174452799997,
        0.18976909299462003,
        0.2364915023737717,
        0.28765434891872416,
        0.3270680895428961,
        0.36480044748996426,
        0.40766286480547137,
        0.4420014400916782,
        0.48182748011313886,
        0.5146768001649173,
        0.5456538954779424,
        0.579054958051902,
        0.6139285549620911,
        0.6370821984515159,
        0.6659918393479684,
        0.6892863757306775,
        0.7219268705086858,
        0.7510129759701788,
        0.79023761982078,
        0.8271055465451183,
        0.8665512811310981,
        0.8982016278317773,
        0.9329613711510683,
        0.9798757385405257,
        1.0114008302125244,
        1.0386143358254023,
        1.0710349159814336,
        1.0962100882838006
      ],
      "rmse": [
        0.09146881371581013,
        0.1744100520738733,
        0.2682207948889692,
        0.3510400474936342,
        0.43044453639397784,
        0.5241636420413802,
        0.6075958622739723,
        0.6835050452271072,
        0.7586146147608878,
        0.8288895850181475,
        0.9056752859089408,
        0.9799731012081458,
        1.052153777897868,
        1.1281189545772352,
        1.1983475786174886,
        1.2617710134895315,
        1.331562501784962,
        1.3983476692295562,
        1.4732926533472495,
        1.5429232579924712,
        1.6137683177076116,
        1.6874396436649157,
        1.7648673690362093,
        1.8362218732732858,
        1.902097816159838,
        1.9790861351134967,
        2.048108996309703,
        2.108136804170969,
        2.1711271981031595,
        2.225603753775089
      ]
    }
  },
  "rf": {
    "1": {
      "mae": [
        3.857037464788748
      ],
      "rmse": [
        6.114293805821967
      ]
    },
    "10": {
      "mae": [
        3.857037464788747,
        3.8360843661972024,
        3.8399421126760727,
        3.9063228169014295,
        3.998280140845096,
        4.056282957746498,
        3.9923301408450906,
        3.9866969014084668,
        3.904842535211284,
        3.8901419718310013
      ],
      "rmse": [
        6.114293805821967,
        6.0510604980094715,
        5.98952385350574,
        5.971981148540352,
        5.976054350464515,
        5.973100697920889,
        5.882676490663571,
        5.845201708599482,
        5.782303557662386,
        5.720391848696559
      ]
    },
    "30": {
      "mae": [
        3.857037464788747,
        3.8360843661972024,
        3.8399421126760735,
        3.906322816901428,
        3.9982801408450968,
        4.056282957746498,
        3.992330140845092,
        3.9866969014084668,
        3.904842535211284,
        3.8901419718310013,
        3.8842043661971974,
        3.8684683098591757,
        3.9261654929577663,
        3.7718164788732658,
        3.7152501408450775,
        3.748185352112702,
        3.642333098591562,
        3.7257647887324086,
        3.61511915492959,
        3.6529349295774827,
        3.7167853521126974,
        3.5503735211267697,
        3.5978776056338218,
        3.577603380281711,
        3.698495774647903,
        3.724825774647911,
        3.5944421126760786,
        3.622309859154949,
        3.524031126760583,
        3.5026753521126954
      ],
      "rmse": [
        6.114293805821967,
        6.0510604980094715,
        5.98952385350574,
        5.971981148540352,
        5.976054350464515,
        5.973100697920889,
        5.882676490663571,
        5.845201708599482,
        5.782303557662386,
        5.720391848696558,
        5.697698051183792,
        5.638683750766116,
        5.666433104501991,
        5.49388214028449,
        5.431362584926643,
        5.405133008193439,
        5.268390610662527,
        5.30598861839244,
        5.192348131120938,
        5.259396517640257,
        5.264203315110463,
        5.100452853651462,
        5.101426602882924,
        5.04376298768667,
        5.1615623348247865,
        5.150501348550037,
        5.0351804977212735,
        5.095776970576384,
        4.971742526712336,
        4.943799113122571
      ]
    }
  },
  "xgb": {
    "1": {
      "mae": [
        0.10822722206653018
      ],
      "rmse": [
        0.17070282025783687
      ]
    },
    "10": {
      "mae": [
        0.10822722206653018,
        0.1322435889445558,
        0.163332781724527,
        0.1861223688259928,
        0.2143914107201804,
        0.24814355877083802,
        0.28406219267509336,
        0.3069702846903197,
        0.33452134790554844,
        0.36615075769558764
      ],
      "rmse": [
        0.17070282025783687,
        0.19748491837988483,
        0.24070840741070335,
        0.2782414507939819,
        0.31874051535356024,
        0.37259846381989864,
        0.4434648848915075,
        0.48512248279674003,
        0.5354642967735437,
        0.582976951903672
      ]
    },
    "30": {
      "mae": [
        0.10822722206653018,
        0.1322435889445558,
        0.163332781724527,
        0.1861223688259928,
        0.2143914107201804,
        0.24814355877083802,
        0.28406219267509336,
        0.3069702846903197,
        0.33452134790554844,
        0.36615075769558764,
        0.39453903950436026,
        0.4147522176823143,
        0.44443285552548717,
        0.47571294220400545,
        0.5021712332712093,
        0.5325951073874888,
        0.5544586869360698,
        0.5733601486850795,
        0.5863898736658234,
        0.6103064169010647,
        0.6321788863061177,
        0.6588827493157186,
        0.6725110454290688,
        0.6906670368893041,
        0.7078179759710602,
        0.7240806579589847,
        0.7446163209727105,
        0.7630894040389801,
        0.7745746451364447,
        0.7967855781232809
      ],
      "rmse": [
        0.17070282025783687,
        0.19748491837988483,
        0.24070840741070335,
        0.2782414507939819,
        0.31874051535356024,
        0.37259846381989864,
        0.4434648848915075,
        0.48512248279674003,
        0.5354642967735437,
        0.582976951903672,
        0.6377732282134861,
        0.6780377269615948,
        0.726684688321535,
        0.78027978578646,
        0.8316023282322043,
        0.8829326399741225,
        0.9298522448986081,
        0.9654291152061776,
        1.0039329908650343,
        1.0476639584812948,
        1.0981681698071126,
        1.1407107032589567,
        1.1736637717354665,
        1.1963074658382484,
        1.2288022298804573,
        1.2659621828958976,
        1.3048443567681716,
        1.3343665921720025,
        1.361860746786746,
        1.3820024168410283
      ]
    }
  },
  "rcnn": {
    "1": {
      "mae": [
        0.023372374053732207
      ],
      "rmse": [
        0.029841172044289502
      ]
    },
    "10": {
      "mae": [
        0.023372374053732207,
        0.03175707428903597,
        0.04645522032527258,
        0.05050586778162249,
        0.053135508474739315,
        0.0680939612522545,
        0.07668900454414519,
        0.07595822536890871,
        0.08270344025973657,
        0.09105977405150757
      ],