train_surrogate,test_surrogate,scenario,reward_mean,reward_std,fan_mean,fan_std,warning_total,critical_total,combination
rc,rcnn,baseline,837.7912574768067,440.90271513583195,54.58650283559164,12.72676374824806,0,0,RC→RCNN
rc,rcnn,combined_extreme,-520.8902624845505,1031.5470958078847,28.003424740473427,2.274809468142128,0,0,RC→RCNN
rc,rcnn,thermal_high_start,239.70725593566894,358.4506610635447,41.10776456133525,11.879842971954146,0,0,RC→RCNN
rcnn,rc,baseline,91.33939296007156,132.89097255165248,25.288583912531536,1.1278438036292895,0,0,RCNN→RC
rcnn,rc,combined_extreme,-6667.577624678612,12092.347838888838,23.457881216049195,1.5425890086303184,0,0,RCNN→RC
rcnn,rc,thermal_high_start,-9125.914736938477,8194.515241612591,22.104246724446615,0.26231789358478685,0,0,RCNN→RC
