{
  "target_cols": [
    "gpu_temp_c"
  ],
  "stats": {
    "gpu_temp_c": {
      "mean": 48.79767779390422,
      "std": 12.738850834633379
    }
  }
}